treatment,n,share,conversion,visit
0,2096937,0.1499998712408774,0.0019375880152813366,0.03820095691954503
1,11882655,0.8500001287591226,0.0030894610674129645,0.048543360048743316
