{
  "created": "2026-07-17",
  "seed": 20260717,
  "strata": [
    "treatment",
    "conversion",
    "visit"
  ],
  "criteria": {
    "smd_full_max_lt": 0.1,
    "cov_mean_abs_z_lt": 4.0,
    "ate_dev_within_full_ci": true
  },
  "full": {
    "n": 13979592,
    "smd_max_abs": 0.04883634026324019,
    "ate": {
      "conversion": {
        "ate": 0.0011518730521316279,
        "se": 3.4371690289992735e-05,
        "ci_lo": 0.001084505777075477,
        "ci_hi": 0.0012192403271877787,
        "p_value": 3.194807477025937e-246,
        "n_treated": 11882655,
        "n_control": 2096937,
        "mean_treated": 0.0030894610674129645,
        "mean_control": 0.0019375880152813366,
        "alpha": 0.05
      },
      "visit": {
        "ate": 0.010342403129198284,
        "se": 0.00014631645066032718,
        "ci_lo": 0.010055628155558312,
        "ci_hi": 0.010629178102838257,
        "p_value": 0.0,
        "n_treated": 11882655,
        "n_control": 2096937,
        "mean_treated": 0.048543360048743316,
        "mean_control": 0.03820095691954503,
        "alpha": 0.05
      }
    }
  },
  "dev": {
    "n": 1000000,
    "parquet_sha256": "c7ebb807670cc41d41729bdabc27eb0369f107f322d6874e67b1dd95cb6cd043",
    "parquet_mb": 9.9,
    "ate": {
      "conversion": {
        "ate": 0.001149411764705882,
        "se": 0.00012857568307693008,
        "ci_lo": 0.0008974080565874629,
        "ci_hi": 0.0014014154728243012,
        "p_value": 3.9067536087172017e-19,
        "n_treated": 850000,
        "n_control": 150000,
        "mean_treated": 0.003089411764705882,
        "mean_control": 0.00194,
        "alpha": 0.05
      },
      "visit": {
        "ate": 0.01034352941176471,
        "se": 0.0005470628929273226,
        "ci_lo": 0.009271305844348866,
        "ci_hi": 0.011415752979180554,
        "p_value": 9.915094705155649e-80,
        "n_treated": 850000,
        "n_control": 150000,
        "mean_treated": 0.04854352941176471,
        "mean_control": 0.0382,
        "alpha": 0.05
      }
    },
    "cov_mean_z_vs_full": {
      "f0": 1.2779587507247925,
      "f1": -1.2381150722503662,
      "f2": -1.169327735900879,
      "f3": -0.10238490253686905,
      "f4": -0.600025475025177,
      "f5": -0.06525994092226028,
      "f6": -1.8345762491226196,
      "f7": 0.09099585562944412,
      "f8": 1.1235123872756958,
      "f9": 0.24837197363376617,
      "f10": -0.15306061506271362,
      "f11": 0.5338445901870728
    },
    "cov_mean_max_abs_z": 1.8345762491226196
  },
  "verdicts": {
    "balance_full": true,
    "cov_moments_representative": true,
    "ate_representative": {
      "conversion": true,
      "visit": true
    }
  },
  "folds": {
    "n_folds": 5,
    "seed": 20260717,
    "dev_fingerprint": "e1930d1b6d4554040b14c98998514cd8372210abeb89a43d664bbf1be5a19b18",
    "dev_counts": [
      200199,
      199832,
      199656,
      200357,
      199956
    ]
  },
  "mde": {
    "p0_control_conversion": 0.0019375880152813366,
    "treated_share": 0.8500001287591226,
    "mde_abs_at_1m": 0.00034503213470853306,
    "mde_abs_at_full": 9.228077217163973e-05,
    "power_for_full_ate_at_1m": 0.9999999999999282
  }
}
