{
  "created": "2026-07-17",
  "spec": "HYPOTHESES.md amendment A1",
  "primary": {
    "outcome": "visit",
    "proxy": "dr_learner",
    "blp": {
      "beta1_ate": 0.009555641706071065,
      "beta1_se": 0.0005463118806232106,
      "beta2_het": 0.38367353062173615,
      "beta2_se": 0.03909682467191889,
      "beta2_p_value": 9.85707497156984e-23,
      "n": 1000000,
      "p_assign": 0.85
    }
  },
  "exploratory": {
    "visit": {
      "t_learner": {
        "beta1_ate": 0.009517873020957074,
        "beta1_se": 0.000545917692671407,
        "beta2_het": 0.3981471135682642,
        "beta2_se": 0.03726492287246184,
        "beta2_p_value": 1.2064231440372964e-26,
        "n": 1000000,
        "p_assign": 0.85
      },
      "x_learner": {
        "beta1_ate": 0.009234976753464437,
        "beta1_se": 0.0005469023500250149,
        "beta2_het": 0.49880553959668816,
        "beta2_se": 0.0422222415626737,
        "beta2_p_value": 3.312052348860119e-32,
        "n": 1000000,
        "p_assign": 0.85
      },
      "dr_learner": {
        "beta1_ate": 0.009555641706071065,
        "beta1_se": 0.0005463118806232106,
        "beta2_het": 0.38367353062173615,
        "beta2_se": 0.03909682467191889,
        "beta2_p_value": 9.85707497156984e-23,
        "n": 1000000,
        "p_assign": 0.85
      },
      "causal_forest": {
        "beta1_ate": 0.0073416514424768315,
        "beta1_se": 0.0005506672283029096,
        "beta2_het": 0.8820102817601804,
        "beta2_se": 0.059556287362922095,
        "beta2_p_value": 1.2681979168494964e-49,
        "n": 1000000,
        "p_assign": 0.85
      }
    },
    "conversion": {
      "t_learner": {
        "beta1_ate": 0.0010763207634647703,
        "beta1_se": 0.00012971639845517157,
        "beta2_het": 0.21960629442773683,
        "beta2_se": 0.07975509671361868,
        "beta2_p_value": 0.005896033464884323,
        "n": 1000000,
        "p_assign": 0.85
      },
      "x_learner": {
        "beta1_ate": 0.001015225214410774,
        "beta1_se": 0.00013181643239250476,
        "beta2_het": 0.3215570343960537,
        "beta2_se": 0.09750639997314961,
        "beta2_p_value": 0.0009744399091121525,
        "n": 1000000,
        "p_assign": 0.85
      },
      "dr_learner": {
        "beta1_ate": 0.0010907677272903515,
        "beta1_se": 0.00012975552655107535,
        "beta2_het": 0.12752484444117862,
        "beta2_se": 0.07406273295070095,
        "beta2_p_value": 0.08509687126825397,
        "n": 1000000,
        "p_assign": 0.85
      },
      "causal_forest": {
        "beta1_ate": 0.0008242574401451927,
        "beta1_se": 0.00013779233178994125,
        "beta2_het": 0.6560831807450184,
        "beta2_se": 0.21094739642941976,
        "beta2_p_value": 0.0018697694502558548,
        "n": 1000000,
        "p_assign": 0.85
      }
    }
  },
  "verdict_h1_raw": true,
  "note": "Holm correction across H1\u2013H3 applied at project level; raw p recorded here."
}
