{
  "created": "2026-07-17",
  "B": 500,
  "seed": 20260717,
  "visit": {
    "t_learner": {
      "qini": {
        "point": 0.0018707238785775743,
        "ci_lo": 0.0014609434422148588,
        "ci_hi": 0.0022332743989323905,
        "se": 0.00019623789688052415,
        "B": 500,
        "seed": 20260717
      },
      "auuc_normalized": 0.7105194163883475
    },
    "x_learner": {
      "qini": {
        "point": 0.0020423885457332,
        "ci_lo": 0.001632427751533389,
        "ci_hi": 0.0024313044251699405,
        "se": 0.00020003349157624825,
        "B": 500,
        "seed": 20260717
      },
      "auuc_normalized": 0.7299523771598441
    },
    "dr_learner": {
      "qini": {
        "point": 0.002059713563649685,
        "ci_lo": 0.0016517428908958162,
        "ci_hi": 0.0024577309971398997,
        "se": 0.00019905137517701104,
        "B": 500,
        "seed": 20260717
      },
      "auuc_normalized": 0.7320564819122477
    },
    "causal_forest": {
      "qini": {
        "point": 0.002981818683229323,
        "ci_lo": 0.0026077988980572025,
        "ci_hi": 0.0033687960009464338,
        "se": 0.00020045802892769724,
        "B": 500,
        "seed": 20260717
      },
      "auuc_normalized": 0.8355016190410008
    }
  },
  "conversion": {
    "t_learner": {
      "qini": {
        "point": 0.00020763179371500047,
        "ci_lo": 0.00011017546193492425,
        "ci_hi": 0.00031655626568322375,
        "se": 5.144276110993323e-05,
        "B": 500,
        "seed": 20260717
      },
      "auuc_normalized": 0.7101656809945224
    },
    "x_learner": {
      "qini": {
        "point": 0.0002766147498462146,
        "ci_lo": 0.00018480349415050623,
        "ci_hi": 0.00037825515372560725,
        "se": 5.132043589394136e-05,
        "B": 500,
        "seed": 20260717
      },
      "auuc_normalized": 0.7789168640058268
    },
    "dr_learner": {
      "qini": {
        "point": 8.160481456097688e-05,
        "ci_lo": -2.1958322445785413e-05,
        "ci_hi": 0.0001774037435466698,
        "se": 5.09586019211378e-05,
        "B": 500,
        "seed": 20260717
      },
      "auuc_normalized": 0.5817368294944661
    },
    "causal_forest": {
      "qini": {
        "point": 0.0003271542844535599,
        "ci_lo": 0.0002222970361092197,
        "ci_hi": 0.00043560824362480385,
        "se": 5.2158902949577173e-05,
        "B": 500,
        "seed": 20260717
      },
      "auuc_normalized": 0.8098356476936396
    }
  }
}
