{
  "created": "2026-07-17",
  "spec": "HYPOTHESES.md amendment A2",
  "truth": {
    "visit": 0.01034352941176471,
    "conversion": 0.001149411764705882
  },
  "grid": [
    {
      "mechanism": "confounded_assignment",
      "severity": 0.0,
      "outcome": "visit",
      "bias": {
        "naive": {
          "mean_bias": -9.350475127542917e-05,
          "se": 0.0001233158949730909,
          "ci_lo": -0.0003516078857449971,
          "ci_hi": 0.0001645983831941387,
          "p_two_sided": 0.4576020425028921
        },
        "outcome_regression": {
          "mean_bias": -0.0032959716817482047,
          "se": 0.00012124756595253106,
          "ci_lo": -0.0035497457538253103,
          "ci_hi": -0.003042197609671099,
          "p_two_sided": 1.1307166295036562e-16
        },
        "ipw": {
          "mean_bias": -0.004237458983842889,
          "se": 9.656929829932474e-05,
          "ci_lo": -0.004439580848100706,
          "ci_hi": -0.004035337119585071,
          "p_two_sided": 1.456679060301909e-20
        },
        "aipw": {
          "mean_bias": -0.00295980405641361,
          "se": 9.928837482546221e-05,
          "ci_lo": -0.0031676170132464107,
          "ci_hi": -0.002751991099580809,
          "p_two_sided": 2.0368244760127182e-17
        }
      }
    },
    {
      "mechanism": "confounded_assignment",
      "severity": 0.25,
      "outcome": "visit",
      "bias": {
        "naive": {
          "mean_bias": 0.02283425441088908,
          "se": 0.00012597236685655885,
          "ci_lo": 0.022570591216867556,
          "ci_hi": 0.023097917604910607,
          "p_two_sided": 3.1247822617877355e-32
        },
        "outcome_regression": {
          "mean_bias": -0.0020275155043905117,
          "se": 0.00020221350404860946,
          "ci_lo": -0.002450753232490443,
          "ci_hi": -0.0016042777762905803,
          "p_two_sided": 5.042410869407616e-09
        },
        "ipw": {
          "mean_bias": -0.005575712208385689,
          "se": 0.0002300058037793882,
          "ci_lo": -0.006057119888349466,
          "ci_hi": -0.005094304528421912,
          "p_two_sided": 9.403745870110955e-16
        },
        "aipw": {
          "mean_bias": -0.0020497523460932827,
          "se": 0.00019265914111677544,
          "ci_lo": -0.0024529925627523384,
          "ci_hi": -0.001646512129434227,
          "p_two_sided": 1.922122407318833e-09
        }
      }
    },
    {
      "mechanism": "confounded_assignment",
      "severity": 0.5,
      "outcome": "visit",
      "bias": {
        "naive": {
          "mean_bias": 0.039784790621077544,
          "se": 8.94937172474508e-05,
          "ci_lo": 0.039597478118160216,
          "ci_hi": 0.03997210312399487,
          "p_two_sided": 1.241843571125715e-39
        },
        "outcome_regression": {
          "mean_bias": -9.064828474658874e-06,
          "se": 0.0002663710626344927,
          "ci_lo": -0.0005665858699669544,
          "ci_hi": 0.0005484562130176365,
          "p_two_sided": 0.973207538922934
        },
        "ipw": {
          "mean_bias": -0.0026037720847632484,
          "se": 0.00043759950993145865,
          "ci_lo": -0.003519678385247079,
          "ci_hi": -0.0016878657842794176,
          "p_two_sided": 9.983570339303604e-06
        },
        "aipw": {
          "mean_bias": -0.00047279570092851356,
          "se": 0.0003411231090871406,
          "ci_lo": -0.0011867745737624484,
          "ci_hi": 0.00024118317190542122,
          "p_two_sided": 0.18180062324274188
        }
      }
    },
    {
      "mechanism": "confounded_assignment",
      "severity": 1.0,
      "outcome": "visit",
      "bias": {
        "naive": {
          "mean_bias": 0.06077508997464996,
          "se": 7.038192990137602e-05,
          "ci_lo": 0.060627778902370706,
          "ci_hi": 0.06092240104692922,
          "p_two_sided": 4.1293931061504076e-45
        },
        "outcome_regression": {
          "mean_bias": 0.00415215259145795,
          "se": 0.000494160358150749,
          "ci_lo": 0.003117863075113408,
          "ci_hi": 0.005186442107802493,
          "p_two_sided": 8.02372994739056e-08
        },
        "ipw": {
          "mean_bias": 0.012317551665362305,
          "se": 0.00039962467193868927,
          "ci_lo": 0.011481127614259599,
          "ci_hi": 0.01315397571646501,
          "p_two_sided": 1.0930251995348586e-17
        },
        "aipw": {
          "mean_bias": 0.003833167726762022,
          "se": 0.0004799463153096272,
          "ci_lo": 0.002828628543994337,
          "ci_hi": 0.0048377069095297065,
          "p_two_sided": 1.718003950314626e-07
        }
      }
    },
    {
      "mechanism": "confounded_assignment",
      "severity": 1.5,
      "outcome": "visit",
      "bias": {
        "naive": {
          "mean_bias": 0.07370195716132445,
          "se": 8.351324603121593e-05,
          "ci_lo": 0.0735271619285194,
          "ci_hi": 0.07387675239412951,
          "p_two_sided": 2.7300171260165455e-45
        },
        "outcome_regression": {
          "mean_bias": 0.008986187231881987,
          "se": 0.0008236799659947544,
          "ci_lo": 0.007262205249920748,
          "ci_hi": 0.010710169213843226,
          "p_two_sided": 1.271628640958421e-09
        },
        "ipw": {
          "mean_bias": 0.028144202914409038,
          "se": 0.0003980363769818009,
          "ci_lo": 0.027311103202856596,
          "ci_hi": 0.02897730262596148,
          "p_two_sided": 1.7792974082917452e-24
        },
        "aipw": {
          "mean_bias": 0.008786159769924761,
          "se": 0.0008345469303981101,
          "ci_lo": 0.0070394329700689,
          "ci_hi": 0.010532886569780622,
          "p_two_sided": 2.2829813433407927e-09
        }
      }
    },
    {
      "mechanism": "confounded_assignment",
      "severity": 2.0,
      "outcome": "visit",
      "bias": {
        "naive": {
          "mean_bias": 0.08352880818646387,
          "se": 7.623588272995756e-05,
          "ci_lo": 0.08336924465010101,
          "ci_hi": 0.08368837172282673,
          "p_two_sided": 4.4780437386380725e-47
        },
        "outcome_regression": {
          "mean_bias": 0.014012643756779908,
          "se": 0.0009628631349712855,
          "ci_lo": 0.011997348054182013,
          "ci_hi": 0.0160279394593778,
          "p_two_sided": 9.358759132652593e-12
        },
        "ipw": {
          "mean_bias": 0.04081073238860548,
          "se": 0.0004510269471081671,
          "ci_lo": 0.03986672213912175,
          "ci_hi": 0.04175474263808922,
          "p_two_sided": 1.6635526091322284e-26
        },
        "aipw": {
          "mean_bias": 0.013290622057829257,
          "se": 0.0010315746006374655,
          "ci_lo": 0.011131511604778398,
          "ci_hi": 0.015449732510880117,
          "p_two_sided": 7.730952640657512e-11
        }
      }
    },
    {
      "mechanism": "selective_attrition",
      "severity": 0.0,
      "outcome": "visit",
      "bias": {
        "naive": {
          "mean_bias": 0.0,
          "se": 0.0,
          "ci_lo": 0.0,
          "ci_hi": 0.0,
          "p_two_sided": 0.0
        },
        "outcome_regression": {
          "mean_bias": -0.003305238894230679,
          "se": 9.949321482592773e-20,
          "ci_lo": -0.003305238894230679,
          "ci_hi": -0.003305238894230679,
          "p_two_sided": 3.1494322948249475e-303
        },
        "ipw": {
          "mean_bias": -0.0036352242971596158,
          "se": 0.0,
          "ci_lo": -0.0036352242971596158,
          "ci_hi": -0.0036352242971596158,
          "p_two_sided": 0.0
        },
        "aipw": {
          "mean_bias": -0.002870656715767494,
          "se": 0.0,
          "ci_lo": -0.002870656715767494,
          "ci_hi": -0.002870656715767494,
          "p_two_sided": 0.0
        }
      }
    },
    {
      "mechanism": "selective_attrition",
      "severity": 0.1,
      "outcome": "visit",